,Voltage,Voltage_Error,Amperage,Amperage_Error
0,6.264843750000001,0.0,0.0239985039893617,0.0239985039893617
1,5.75244140625,0.0,0.0,0.0
2,6.29384765625,0.0,0.0,0.0
3,5.994140625,0.0,0.0,0.0
4,6.0328124999999995,0.0,0.006171043882978723,0.006171043882978723
5,6.2261718749999995,0.0,0.0,0.0
6,5.878125,0.0,0.0,0.0
7,6.19716796875,0.0,0.0013713430851063828,0.0013713430851063828
8,6.216503906250001,0.0,0.0034283577127659573,0.0034283577127659573
9,5.771777343749999,0.0,0.0,0.0
10,6.29384765625,0.0,0.0,0.0
11,6.119824218750001,0.0,0.0,0.0
12,5.6944335937499995,0.0,0.0,0.0
13,6.264843750000001,0.0,0.0,0.0
14,6.0328124999999995,0.0,0.0,0.0
15,5.675097656249999,0.0,0.0013713430851063828,0.0013713430851063828
16,6.313183593750001,0.0,0.0,0.0
17,6.00380859375,0.0,0.0,0.0
18,6.00380859375,0.0,0.0,0.0
19,6.2841796875,0.0,0.0,0.0
20,5.92646484375,0.0,0.0,0.0
21,6.19716796875,0.0,0.0,0.0
22,6.1875,0.0,0.0006856715425531914,0.0006856715425531914
23,5.84912109375,0.0,0.0,0.0
24,6.1778320312499995,0.0,0.0,0.0
25,6.23583984375,0.0,0.0013713430851063828,0.0013713430851063828
26,5.7427734374999995,0.0,0.0,0.0
27,6.2261718749999995,0.0,0.0006856715425531914,0.0006856715425531914
28,6.110156249999999,0.0,0.0,0.0
29,5.9361328124999995,0.0,0.0,0.0
30,6.264843750000001,0.0,0.0,0.0
31,6.10048828125,0.0,0.0,0.0
32,6.0908203125,0.0,0.0,0.0
33,5.7427734374999995,0.0,0.0,0.0
34,6.206835937499999,0.0,0.0,0.0
35,6.168164062500001,0.0,0.0006856715425531914,0.0006856715425531914
36,5.684765625,0.0,0.0,0.0
37,6.2455078125,0.0,0.0,0.0
38,6.110156249999999,0.0,0.0,0.0
39,5.65576171875,0.0,0.0,0.0
40,6.2841796875,0.0,0.0027426861702127656,0.0027426861702127656
41,6.00380859375,0.0,0.0,0.0
42,6.0328124999999995,0.0,0.0,0.0
43,6.23583984375,0.0,0.0,0.0
44,5.868457031249999,0.0,0.0,0.0
45,6.158496093749999,0.0,0.0,0.0
46,6.206835937499999,0.0,0.0,0.0
47,5.81044921875,0.0,0.0,0.0
48,6.19716796875,0.0,0.0,0.0
49,6.1778320312499995,0.0,0.0,0.0
50,5.7427734374999995,0.0,0.0,0.0
51,6.264843750000001,0.0,0.0020570146276595743,0.0020570146276595743
52,6.00380859375,0.0,0.0,0.0
53,5.7814453125,0.0,0.0,0.0
54,6.23583984375,0.0,0.0,0.0
55,5.95546875,0.0,0.0,0.0
56,6.00380859375,0.0,0.0,0.0
57,6.264843750000001,0.0,0.0,0.0
58,5.878125,0.0,0.0013713430851063828,0.0013713430851063828
59,6.255175781249999,0.0,0.0006856715425531914,0.0006856715425531914
60,5.95546875,0.0,0.0,0.0
61,6.0328124999999995,0.0,0.0,0.0
62,6.264843750000001,0.0,0.0,0.0
63,5.92646484375,0.0,0.0,0.0
64,6.158496093749999,0.0,0.0,0.0
65,6.255175781249999,0.0,0.0013713430851063828,0.0013713430851063828
66,5.8974609375,0.0,0.0,0.0
67,6.071484375000001,0.0,0.0,0.0
68,6.39052734375,0.0,0.0,0.0
69,5.771777343749999,0.0,0.0,0.0
70,6.264843750000001,0.0,0.0,0.0
71,6.0811523437499995,0.0,0.0,0.0
72,5.684765625,0.0,0.0,0.0
73,6.264843750000001,0.0,0.00479970079787234,0.00479970079787234
74,6.04248046875,0.0,0.0,0.0
75,5.916796874999999,0.0,0.0,0.0
76,6.264843750000001,0.0,0.0,0.0
77,5.92646484375,0.0,0.0,0.0
78,6.0908203125,0.0,0.008228058510638297,0.008228058510638297
79,6.2261718749999995,0.0,0.0,0.0
80,5.820117187499999,0.0,0.0,0.0
81,6.00380859375,0.0,0.0,0.0
82,6.545214843749999,0.0,0.0006856715425531914,0.0006856715425531914
83,5.90712890625,0.0,0.0,0.0
84,6.168164062500001,0.0,0.0,0.0
85,6.23583984375,0.0,0.0006856715425531914,0.0006856715425531914
86,5.80078125,0.0,0.0,0.0
87,6.255175781249999,0.0,0.0006856715425531914,0.0006856715425531914
88,6.119824218750001,0.0,0.0,0.0
89,5.82978515625,0.0,0.0,0.0
90,6.23583984375,0.0,0.0,0.0
91,5.820117187499999,0.0,0.0,0.0
92,6.1778320312499995,0.0,0.00479970079787234,0.00479970079787234
93,6.23583984375,0.0,0.0,0.0
94,5.82978515625,0.0,0.0,0.0
95,6.2455078125,0.0,0.0,0.0
96,6.148828125,0.0,0.0,0.0
97,5.723437499999999,0.0,0.0,0.0
98,6.255175781249999,0.0,0.0,0.0
99,6.0908203125,0.0,0.0,0.0
100,5.6460937499999995,0.0,0.0,0.0
101,6.2455078125,0.0,0.028112533244680847,0.028112533244680847
102,5.965136718749999,0.0,0.0006856715425531914,0.0006856715425531914
103,6.013476562499999,0.0,0.0,0.0
104,6.23583984375,0.0,0.0,0.0
105,5.8974609375,0.0,0.0006856715425531914,0.0006856715425531914
106,6.1875,0.0,0.0,0.0
107,6.2261718749999995,0.0,0.0013713430851063828,0.0013713430851063828
108,5.7814453125,0.0,0.0,0.0
109,6.19716796875,0.0,0.0006856715425531914,0.0006856715425531914
110,6.119824218750001,0.0,0.0,0.0
111,5.723437499999999,0.0,0.006171043882978723,0.006171043882978723
112,6.264843750000001,0.0,0.0,0.0
113,6.04248046875,0.0,0.0,0.0
114,5.6944335937499995,0.0,0.0,0.0
115,6.255175781249999,0.0,0.0,0.0
116,5.9361328124999995,0.0,0.0,0.0
117,6.023144531250001,0.0,0.0013713430851063828,0.0013713430851063828
118,6.2261718749999995,0.0,0.0027426861702127656,0.0027426861702127656
119,5.65576171875,0.0,0.0,0.0
120,6.264843750000001,0.0,0.01919880319148936,0.01919880319148936
121,5.8587890625,0.0,0.0,0.0
122,6.1875,0.0,0.0,0.0
123,6.2261718749999995,0.0,0.0,0.0
124,5.762109375,0.0,0.0,0.0
125,6.216503906250001,0.0,0.0,0.0
126,6.1294921874999995,0.0,0.0,0.0
127,5.684765625,0.0,0.0,0.0
128,6.264843750000001,0.0,0.0,0.0
129,5.9748046875,0.0,0.0,0.0
130,5.94580078125,0.0,0.006171043882978723,0.006171043882978723
131,6.2745117187499995,0.0,0.0,0.0
132,5.8877929687499995,0.0,0.0,0.0
133,6.1294921874999995,0.0,0.0006856715425531914,0.0006856715425531914
134,6.19716796875,0.0,0.0,0.0
135,5.7911132812499995,0.0,0.0,0.0
136,6.255175781249999,0.0,0.0,0.0
137,5.90712890625,0.0,0.036340591755319146,0.036340591755319146
138,6.158496093749999,0.0,0.0,0.0
139,6.206835937499999,0.0,0.0,0.0
140,5.82978515625,0.0,0.0,0.0
141,6.2261718749999995,0.0,0.0013713430851063828,0.0013713430851063828
142,6.1294921874999995,0.0,0.0006856715425531914,0.0006856715425531914
143,5.75244140625,0.0,0.01919880319148936,0.01919880319148936
144,6.264843750000001,0.0,0.0,0.0
145,5.9748046875,0.0,0.0,0.0
146,5.6944335937499995,0.0,0.0,0.0
147,6.255175781249999,0.0,0.0,0.0
148,5.9361328124999995,0.0,0.0,0.0
149,6.255175781249999,0.0,0.0,0.0
150,5.92646484375,0.0,0.0,0.0
151,6.0521484375,0.0,0.0,0.0
152,6.29384765625,0.0,0.0,0.0
153,5.8587890625,0.0,0.0,0.0
154,6.3228515624999995,0.0,0.0,0.0
155,6.148828125,0.0,0.0013713430851063828,0.0013713430851063828
156,5.6944335937499995,0.0,0.0,0.0
157,6.23583984375,0.0,0.0,0.0
158,6.071484375000001,0.0,0.0,0.0
159,5.71376953125,0.0,0.0006856715425531914,0.0006856715425531914
160,6.2841796875,0.0,0.0,0.0
161,6.00380859375,0.0,0.0,0.0
162,5.9844726562499995,0.0,0.0,0.0
163,6.2841796875,0.0,0.0,0.0
164,5.9748046875,0.0,0.0,0.0
165,6.0328124999999995,0.0,0.0,0.0
166,6.23583984375,0.0,0.0,0.0
167,5.6654296875,0.0,0.0,0.0
168,6.303515624999999,0.0,0.0,0.0
169,5.7911132812499995,0.0,0.007542386968085106,0.007542386968085106
170,6.380859375,0.0,0.0006856715425531914,0.0006856715425531914
171,5.994140625,0.0,0.0,0.0
172,6.1778320312499995,0.0,0.0,0.0
173,6.39052734375,0.0,0.0,0.0
174,5.61708984375,0.0,0.0006856715425531914,0.0006856715425531914
175,6.264843750000001,0.0,0.0020570146276595743,0.0020570146276595743
176,5.771777343749999,0.0,0.011656416223404254,0.011656416223404254
177,6.13916015625,0.0,0.0,0.0
178,5.771777343749999,0.0,0.0,0.0
179,6.2745117187499995,0.0,0.0,0.0
180,6.148828125,0.0,0.0,0.0
181,5.6654296875,0.0,0.0,0.0
182,6.2455078125,0.0,0.0006856715425531914,0.0006856715425531914
183,6.0811523437499995,0.0,0.0,0.0
184,5.762109375,0.0,0.004114029255319149,0.004114029255319149
185,6.2841796875,0.0,0.0,0.0
186,6.013476562499999,0.0,0.0,0.0
187,6.04248046875,0.0,0.008228058510638297,0.008228058510638297
188,6.264843750000001,0.0,0.0,0.0
189,5.8394531249999995,0.0,0.00479970079787234,0.00479970079787234
190,6.1875,0.0,0.0,0.0
191,6.158496093749999,0.0,0.0,0.0
192,5.75244140625,0.0,0.0,0.0
193,6.23583984375,0.0,0.0034283577127659573,0.0034283577127659573
194,6.10048828125,0.0,0.0,0.0
195,5.675097656249999,0.0,0.0006856715425531914,0.0006856715425531914
196,6.2745117187499995,0.0,0.0,0.0
197,6.0521484375,0.0,0.0,0.0
198,5.723437499999999,0.0,0.0,0.0
199,6.361523437500001,0.0,0.0,0.0
200,5.9844726562499995,0.0,0.0,0.0
201,6.0908203125,0.0,0.0,0.0
202,6.255175781249999,0.0,0.0,0.0
203,5.878125,0.0,0.0,0.0
204,6.48720703125,0.0,0.0013713430851063828,0.0013713430851063828
205,6.00380859375,0.0,0.0,0.0
206,5.9844726562499995,0.0,0.0,0.0
207,5.8974609375,0.0,0.0027426861702127656,0.0027426861702127656
208,6.0521484375,0.0,0.036340591755319146,0.036340591755319146
209,6.2745117187499995,0.0,0.0,0.0
210,5.820117187499999,0.0,0.0,0.0
211,6.19716796875,0.0,0.0,0.0
212,6.19716796875,0.0,0.0,0.0
213,5.73310546875,0.0,0.0,0.0
214,6.255175781249999,0.0,0.0,0.0
215,6.1778320312499995,0.0,0.0,0.0
216,5.7427734374999995,0.0,0.0,0.0
217,6.255175781249999,0.0,0.0006856715425531914,0.0006856715425531914
218,6.110156249999999,0.0,0.0,0.0
219,5.6944335937499995,0.0,0.0,0.0
220,6.2745117187499995,0.0,0.0,0.0
221,6.0908203125,0.0,0.0,0.0
222,5.75244140625,0.0,0.0,0.0
223,6.2261718749999995,0.0,0.0,0.0
224,5.9844726562499995,0.0,0.0,0.0
225,5.994140625,0.0,0.01988447473404255,0.01988447473404255
226,6.255175781249999,0.0,0.0,0.0
227,5.9361328124999995,0.0,0.0,0.0
228,6.1294921874999995,0.0,0.0,0.0
229,6.2455078125,0.0,0.0,0.0
230,5.7911132812499995,0.0,0.0,0.0
231,6.2455078125,0.0,0.0,0.0
232,6.10048828125,0.0,0.0013713430851063828,0.0013713430851063828
233,5.65576171875,0.0,0.0,0.0
234,6.2455078125,0.0,0.0,0.0
235,5.8587890625,0.0,0.0,0.0
236,6.255175781249999,0.0,0.0,0.0
237,6.158496093749999,0.0,0.0013713430851063828,0.0013713430851063828
238,5.8394531249999995,0.0,0.0,0.0
239,6.1875,0.0,0.0020570146276595743,0.0020570146276595743
240,6.2261718749999995,0.0,0.0,0.0
241,5.684765625,0.0,0.0006856715425531914,0.0006856715425531914
242,6.313183593750001,0.0,0.0,0.0
243,5.8877929687499995,0.0,0.0013713430851063828,0.0013713430851063828
244,6.2745117187499995,0.0,0.0,0.0
245,6.0328124999999995,0.0,0.0,0.0
246,6.1294921874999995,0.0,0.015084773936170212,0.015084773936170212
247,6.1875,0.0,0.0027426861702127656,0.0027426861702127656
248,5.84912109375,0.0,0.0,0.0
249,6.264843750000001,0.0,0.0,0.0
250,5.878125,0.0,0.0,0.0
251,6.2261718749999995,0.0,0.0,0.0
252,5.994140625,0.0,0.0013713430851063828,0.0013713430851063828
253,6.00380859375,0.0,0.0,0.0
254,6.2745117187499995,0.0,0.0,0.0
255,5.75244140625,0.0,0.0,0.0
256,6.2455078125,0.0,0.0,0.0
257,5.94580078125,0.0,0.0,0.0
258,6.2455078125,0.0,0.0,0.0
259,6.04248046875,0.0,0.0,0.0
260,6.10048828125,0.0,0.0,0.0
261,6.168164062500001,0.0,0.0006856715425531914,0.0006856715425531914
262,6.216503906250001,0.0,0.0,0.0
263,6.2261718749999995,0.0,0.0,0.0
264,5.626757812499999,0.0,0.0,0.0
265,6.2841796875,0.0,0.0,0.0
266,6.071484375000001,0.0,0.0,0.0
267,5.8974609375,0.0,0.0,0.0
268,5.9361328124999995,0.0,0.0006856715425531914,0.0006856715425531914
269,5.878125,0.0,0.0,0.0
270,6.2745117187499995,0.0,0.0,0.0
271,6.1294921874999995,0.0,0.0,0.0
272,6.0908203125,0.0,0.0,0.0
273,6.23583984375,0.0,0.0,0.0
274,5.81044921875,0.0,0.0027426861702127656,0.0027426861702127656
275,6.206835937499999,0.0,0.0,0.0
276,6.19716796875,0.0,0.0013713430851063828,0.0013713430851063828
277,5.723437499999999,0.0,0.0,0.0
278,6.2455078125,0.0,0.0,0.0
279,6.061816406249999,0.0,0.01439910239361702,0.01439910239361702
280,5.65576171875,0.0,0.0,0.0
281,6.264843750000001,0.0,0.0,0.0
282,6.013476562499999,0.0,0.0,0.0
283,6.013476562499999,0.0,0.0,0.0
284,6.264843750000001,0.0,0.0,0.0
285,5.90712890625,0.0,0.0,0.0
286,6.158496093749999,0.0,0.0,0.0
287,6.2261718749999995,0.0,0.0,0.0
288,5.762109375,0.0,0.0,0.0
289,6.2261718749999995,0.0,0.0,0.0
290,6.1294921874999995,0.0,0.0,0.0
291,6.255175781249999,0.0,0.0,0.0
292,6.110156249999999,0.0,0.0,0.0
293,5.65576171875,0.0,0.0,0.0
294,6.303515624999999,0.0,0.0,0.0
295,5.9361328124999995,0.0,0.0006856715425531914,0.0006856715425531914
296,6.04248046875,0.0,0.0,0.0
297,6.255175781249999,0.0,0.0,0.0
298,5.878125,0.0,0.0006856715425531914,0.0006856715425531914
299,6.13916015625,0.0,0.0,0.0
300,6.216503906250001,0.0,0.0,0.0
301,5.723437499999999,0.0,0.0006856715425531914,0.0006856715425531914
302,6.23583984375,0.0,0.0,0.0
303,6.158496093749999,0.0,0.0006856715425531914,0.0006856715425531914
304,5.6944335937499995,0.0,0.0,0.0
305,6.2841796875,0.0,0.0006856715425531914,0.0006856715425531914
306,5.9748046875,0.0,0.0020570146276595743,0.0020570146276595743
307,5.95546875,0.0,0.0006856715425531914,0.0006856715425531914
308,6.2841796875,0.0,0.0,0.0
309,5.92646484375,0.0,0.0,0.0
310,6.10048828125,0.0,0.0,0.0
311,6.23583984375,0.0,0.0,0.0
312,5.75244140625,0.0,0.0,0.0
313,6.2455078125,0.0,0.0,0.0
314,6.1294921874999995,0.0,0.0020570146276595743,0.0020570146276595743
315,5.675097656249999,0.0,0.0,0.0
316,6.255175781249999,0.0,0.0,0.0
317,6.0328124999999995,0.0,0.0,0.0
318,6.023144531250001,0.0,0.0013713430851063828,0.0013713430851063828
319,6.2841796875,0.0,0.0,0.0
320,5.7814453125,0.0,0.0,0.0
321,6.2745117187499995,0.0,0.0,0.0
322,5.92646484375,0.0,0.0,0.0
323,6.0521484375,0.0,0.0,0.0
324,6.2455078125,0.0,0.0,0.0
325,5.7814453125,0.0,0.0013713430851063828,0.0013713430851063828
326,6.2455078125,0.0,0.0,0.0
327,6.1294921874999995,0.0,0.0,0.0
328,5.71376953125,0.0,0.0,0.0
329,6.303515624999999,0.0,0.0,0.0
330,6.071484375000001,0.0,0.0,0.0
331,5.762109375,0.0,0.0,0.0
332,6.2261718749999995,0.0,0.0,0.0
333,5.95546875,0.0,0.0,0.0
334,6.061816406249999,0.0,0.0,0.0
335,6.264843750000001,0.0,0.0,0.0
336,5.8587890625,0.0,0.0,0.0
337,6.23583984375,0.0,0.0,0.0
338,6.0328124999999995,0.0,0.0006856715425531914,0.0006856715425531914
339,5.916796874999999,0.0,0.0013713430851063828,0.0013713430851063828
340,6.2455078125,0.0,0.0,0.0
341,5.90712890625,0.0,0.0,0.0
342,6.119824218750001,0.0,0.0034283577127659573,0.0034283577127659573
343,6.255175781249999,0.0,0.0,0.0
344,5.820117187499999,0.0,0.0013713430851063828,0.0013713430851063828
345,6.206835937499999,0.0,0.0,0.0
346,6.148828125,0.0,0.0006856715425531914,0.0006856715425531914
347,5.6654296875,0.0,0.0006856715425531914,0.0006856715425531914
348,6.23583984375,0.0,0.0,0.0
349,5.762109375,0.0,0.0,0.0
350,6.23583984375,0.0,0.0,0.0
351,5.92646484375,0.0,0.0013713430851063828,0.0013713430851063828
352,6.303515624999999,0.0,0.0,0.0
353,6.2841796875,0.0,0.0,0.0
354,5.878125,0.0,0.0,0.0
355,6.19716796875,0.0,0.0,0.0
356,6.216503906250001,0.0,0.0,0.0
357,5.762109375,0.0,0.0,0.0
358,6.264843750000001,0.0,0.0,0.0
359,6.13916015625,0.0,0.0,0.0
360,5.5880859375,0.0,0.0,0.0
361,6.29384765625,0.0,0.0,0.0
362,5.9844726562499995,0.0,0.0,0.0
363,5.965136718749999,0.0,0.0,0.0
364,6.535546875,0.0,0.0,0.0
365,5.90712890625,0.0,0.0,0.0
366,6.19716796875,0.0,0.0,0.0
367,6.23583984375,0.0,0.0,0.0
368,5.80078125,0.0,0.0,0.0
369,6.206835937499999,0.0,0.0,0.0
370,6.119824218750001,0.0,0.0,0.0
371,5.6654296875,0.0,0.0006856715425531914,0.0006856715425531914
372,6.29384765625,0.0,0.0006856715425531914,0.0006856715425531914
373,5.95546875,0.0,0.0,0.0
374,5.9748046875,0.0,0.0,0.0
375,6.2841796875,0.0,0.0,0.0
376,5.878125,0.0,0.005485372340425531,0.005485372340425531
377,6.2261718749999995,0.0,0.0013713430851063828,0.0013713430851063828
378,5.8587890625,0.0,0.0,0.0
379,6.2261718749999995,0.0,0.0,0.0
380,6.206835937499999,0.0,0.0,0.0
381,5.71376953125,0.0,0.0,0.0
382,6.264843750000001,0.0,0.0,0.0
383,6.04248046875,0.0,0.0,0.0
384,5.71376953125,0.0,0.0013713430851063828,0.0013713430851063828
385,6.2261718749999995,0.0,0.0020570146276595743,0.0020570146276595743
386,5.9748046875,0.0,0.0,0.0
387,6.110156249999999,0.0,0.0,0.0
388,6.264843750000001,0.0,0.005485372340425531,0.005485372340425531
389,5.868457031249999,0.0,0.0006856715425531914,0.0006856715425531914
390,6.23583984375,0.0,0.0,0.0
391,6.1778320312499995,0.0,0.0,0.0
392,5.723437499999999,0.0,0.0,0.0
393,6.2745117187499995,0.0,0.0,0.0
394,6.110156249999999,0.0,0.0,0.0
395,5.63642578125,0.0,0.0,0.0
396,6.29384765625,0.0,0.0,0.0
397,5.8974609375,0.0,0.0,0.0
398,6.119824218750001,0.0,0.0,0.0
399,6.23583984375,0.0,0.0,0.0
400,5.762109375,0.0,0.0,0.0
401,6.23583984375,0.0,0.0,0.0
402,6.158496093749999,0.0,0.0,0.0
403,6.148828125,0.0,0.0,0.0
404,6.216503906250001,0.0,0.0,0.0
405,5.82978515625,0.0,0.0013713430851063828,0.0013713430851063828
406,6.23583984375,0.0,0.0,0.0
407,5.82978515625,0.0,0.008228058510638297,0.008228058510638297
408,6.1294921874999995,0.0,0.0,0.0
409,6.255175781249999,0.0,0.0013713430851063828,0.0013713430851063828
410,5.75244140625,0.0,0.0,0.0
411,6.2455078125,0.0,0.0006856715425531914,0.0006856715425531914
412,6.13916015625,0.0,0.0,0.0
413,5.6460937499999995,0.0,0.0,0.0
414,6.2745117187499995,0.0,0.0,0.0
415,6.0328124999999995,0.0,0.0,0.0
416,5.994140625,0.0,0.0,0.0
417,6.255175781249999,0.0,0.006856715425531915,0.006856715425531915
418,5.8587890625,0.0,0.0,0.0
419,6.1778320312499995,0.0,0.0,0.0
420,6.216503906250001,0.0,0.0006856715425531914,0.0006856715425531914
421,5.82978515625,0.0,0.0,0.0
422,6.2745117187499995,0.0,0.0013713430851063828,0.0013713430851063828
423,6.158496093749999,0.0,0.0,0.0
424,5.6944335937499995,0.0,0.0,0.0
425,6.313183593750001,0.0,0.0,0.0
426,5.9748046875,0.0,0.0,0.0
427,6.00380859375,0.0,0.00479970079787234,0.00479970079787234
428,6.23583984375,0.0,0.0,0.0
429,5.8877929687499995,0.0,0.0,0.0
430,6.168164062500001,0.0,0.0,0.0
431,6.216503906250001,0.0,0.0,0.0
432,5.7427734374999995,0.0,0.0,0.0
433,6.23583984375,0.0,0.0006856715425531914,0.0006856715425531914
434,6.10048828125,0.0,0.008228058510638297,0.008228058510638297
435,5.7041015625,0.0,0.0,0.0
436,6.119824218750001,0.0,0.0,0.0
437,5.675097656249999,0.0,0.0,0.0
438,6.2745117187499995,0.0,0.0,0.0
439,6.1294921874999995,0.0,0.0,0.0
440,5.75244140625,0.0,0.0034283577127659573,0.0034283577127659573
441,6.264843750000001,0.0,0.0013713430851063828,0.0013713430851063828
442,5.965136718749999,0.0,0.0,0.0
443,6.0908203125,0.0,0.0,0.0
444,6.23583984375,0.0,0.0,0.0
445,5.7911132812499995,0.0,0.0,0.0
446,6.19716796875,0.0,0.0,0.0
447,6.119824218750001,0.0,0.0020570146276595743,0.0020570146276595743
448,5.6460937499999995,0.0,0.0,0.0
449,6.264843750000001,0.0,0.0,0.0
450,6.04248046875,0.0,0.0,0.0
451,5.82978515625,0.0,0.0,0.0
452,6.255175781249999,0.0,0.0,0.0
453,5.8974609375,0.0,0.0,0.0
454,6.13916015625,0.0,0.0,0.0
455,6.23583984375,0.0,0.0,0.0
456,5.7814453125,0.0,0.0006856715425531914,0.0006856715425531914
457,6.2841796875,0.0,0.0,0.0
458,6.0908203125,0.0,0.0,0.0
459,5.63642578125,0.0,0.0,0.0
460,6.2261718749999995,0.0,0.0,0.0
461,5.994140625,0.0,0.0,0.0
462,5.965136718749999,0.0,0.0,0.0
463,6.23583984375,0.0,0.0,0.0
464,5.8877929687499995,0.0,0.0027426861702127656,0.0027426861702127656
465,6.19716796875,0.0,0.00479970079787234,0.00479970079787234
466,6.216503906250001,0.0,0.0006856715425531914,0.0006856715425531914
467,5.73310546875,0.0,0.0,0.0
468,6.264843750000001,0.0,0.0,0.0
469,5.965136718749999,0.0,0.0,0.0
470,6.19716796875,0.0,0.004114029255319149,0.004114029255319149
471,5.84912109375,0.0,0.0,0.0
472,6.158496093749999,0.0,0.0,0.0
473,6.168164062500001,0.0,0.0,0.0
474,5.6944335937499995,0.0,0.0013713430851063828,0.0013713430851063828
475,6.2455078125,0.0,0.0,0.0
476,6.0521484375,0.0,0.0,0.0
477,5.55908203125,0.0,0.0,0.0
478,6.264843750000001,0.0,0.0006856715425531914,0.0006856715425531914
479,5.994140625,0.0,0.0,0.0
480,5.94580078125,0.0,0.0,0.0
481,6.255175781249999,0.0,0.0,0.0
482,5.878125,0.0,0.0,0.0
483,6.1294921874999995,0.0,0.025369847074468082,0.025369847074468082
484,6.19716796875,0.0,0.0,0.0
485,5.73310546875,0.0,0.0,0.0
486,6.216503906250001,0.0,0.0013713430851063828,0.0013713430851063828
487,6.168164062500001,0.0,0.004114029255319149,0.004114029255319149
488,5.61708984375,0.0,0.0006856715425531914,0.0006856715425531914
489,6.2841796875,0.0,0.0020570146276595743,0.0020570146276595743
490,6.023144531250001,0.0,0.0013713430851063828,0.0013713430851063828
491,5.8877929687499995,0.0,0.0,0.0
492,6.255175781249999,0.0,0.0,0.0
493,5.82978515625,0.0,0.0,0.0
494,6.1294921874999995,0.0,0.0,0.0
495,6.2261718749999995,0.0,0.0,0.0
496,5.7041015625,0.0,0.0020570146276595743,0.0020570146276595743
497,6.19716796875,0.0,0.0006856715425531914,0.0006856715425531914
498,5.5977539062499995,0.0,0.0,0.0
499,6.216503906250001,0.0,0.010970744680851062,0.010970744680851062
500,6.061816406249999,0.0,0.0013713430851063828,0.0013713430851063828
501,5.530078124999999,0.0,0.0,0.0
502,6.264843750000001,0.0,0.0,0.0
503,5.8974609375,0.0,0.0,0.0
504,6.061816406249999,0.0,0.0006856715425531914,0.0006856715425531914
505,6.216503906250001,0.0,0.0,0.0
506,5.73310546875,0.0,0.0006856715425531914,0.0006856715425531914
507,6.168164062500001,0.0,0.0,0.0
508,6.148828125,0.0,0.0006856715425531914,0.0006856715425531914
509,5.530078124999999,0.0,0.0,0.0
510,6.216503906250001,0.0,0.0,0.0
511,6.023144531250001,0.0,0.0,0.0
512,4.95966796875,0.0,0.0006856715425531914,0.0006856715425531914
513,6.2261718749999995,0.0,0.0020570146276595743,0.0020570146276595743
514,5.84912109375,0.0,0.0013713430851063828,0.0013713430851063828
515,5.94580078125,0.0,0.00479970079787234,0.00479970079787234
516,6.1875,0.0,0.0006856715425531914,0.0006856715425531914
517,5.626757812499999,0.0,0.0006856715425531914,0.0006856715425531914
518,6.148828125,0.0,0.0013713430851063828,0.0013713430851063828
519,6.110156249999999,0.0,0.006171043882978723,0.006171043882978723
520,3.5384765624999996,0.0,0.0020570146276595743,0.0020570146276595743
521,6.168164062500001,0.0,0.0020570146276595743,0.0020570146276595743
522,5.8587890625,0.0,0.0013713430851063828,0.0013713430851063828
523,2.6200195312499996,0.0,0.0034283577127659573,0.0034283577127659573
524,6.1778320312499995,0.0,0.0013713430851063828,0.0013713430851063828
525,4.949999999999999,0.0,0.0006856715425531914,0.0006856715425531914
526,6.0328124999999995,0.0,0.0,0.0
527,3.1034179687499996,0.0,0.0,0.0
528,6.023144531250001,0.0,0.0013713430851063828,0.0013713430851063828
529,6.0811523437499995,0.0,0.0020570146276595743,0.0020570146276595743
530,1.0248046874999999,0.0,0.0,0.0
531,6.119824218750001,0.0,0.02331283244680851,0.02331283244680851
532,5.73310546875,0.0,0.0013713430851063828,0.0013713430851063828
533,0.0,0.0,0.005485372340425531,0.005485372340425531
534,6.1778320312499995,0.0,0.005485372340425531,0.005485372340425531
535,2.513671875,0.0,0.0006856715425531914,0.0006856715425531914
536,2.39765625,0.0,0.0,0.0
537,6.0908203125,0.0,0.006171043882978723,0.006171043882978723
538,0.37705078124999997,0.0,0.0013713430851063828,0.0013713430851063828
539,4.9306640625,0.0,0.0027426861702127656,0.0027426861702127656
540,5.34638671875,0.0,0.0013713430851063828,0.0013713430851063828
541,0.05800781249999999,0.0,0.0013713430851063828,0.0013713430851063828
542,5.240039062499999,0.0,0.00479970079787234,0.00479970079787234
543,0.7927734375,0.0,0.0006856715425531914,0.0006856715425531914
544,0.47373046874999997,0.0,0.0034283577127659573,0.0034283577127659573
545,4.9306640625,0.0,0.0027426861702127656,0.0027426861702127656
546,0.05800781249999999,0.0,0.0006856715425531914,0.0006856715425531914
547,1.8175781249999998,0.0,0.0034283577127659573,0.0034283577127659573
548,2.15595703125,0.0,0.0020570146276595743,0.0020570146276595743
549,0.0,0.0,0.0013713430851063828,0.0013713430851063828
550,2.34931640625,0.0,0.006856715425531915,0.006856715425531915
551,0.35771484374999996,0.0,0.0013713430851063828,0.0013713430851063828
552,0.04833984375,0.0,0.005485372340425531,0.005485372340425531
553,1.8949218749999999,0.0,0.00479970079787234,0.00479970079787234
554,0.0966796875,0.0,0.0013713430851063828,0.0013713430851063828
555,0.04833984375,0.0,0.004114029255319149,0.004114029255319149
556,0.11601562499999998,0.0,0.0013713430851063828,0.0013713430851063828
557,0.038671874999999994,0.0,0.0034283577127659573,0.0034283577127659573
558,0.7831054687500001,0.0,0.00479970079787234,0.00479970079787234
559,0.05800781249999999,0.0,0.0,0.0
560,0.04833984375,0.0,0.004114029255319149,0.004114029255319149
561,0.348046875,0.0,0.0027426861702127656,0.0027426861702127656
562,0.029003906249999996,0.0,0.0013713430851063828,0.0013713430851063828
563,0.10634765624999999,0.0,0.0034283577127659573,0.0034283577127659573
564,0.0966796875,0.0,0.0027426861702127656,0.0027426861702127656
565,0.0,0.0,0.004114029255319149,0.004114029255319149
566,0.12568359375,0.0,0.00479970079787234,0.00479970079787234
567,0.05800781249999999,0.0,0.0013713430851063828,0.0013713430851063828
568,0.009667968749999999,0.0,0.0034283577127659573,0.0034283577127659573
569,0.11601562499999998,0.0,0.0034283577127659573,0.0034283577127659573
570,0.05800781249999999,0.0,0.0,0.0
571,0.0,0.0,0.0027426861702127656,0.0027426861702127656
572,0.0966796875,0.0,0.0027426861702127656,0.0027426861702127656
573,0.009667968749999999,0.0,0.0,0.0
574,0.029003906249999996,0.0,0.005485372340425531,0.005485372340425531
575,0.019335937499999997,0.0,0.0027426861702127656,0.0027426861702127656
576,0.05800781249999999,0.0,0.0013713430851063828,0.0013713430851063828
577,0.05800781249999999,0.0,0.0034283577127659573,0.0034283577127659573
578,0.019335937499999997,0.0,0.0020570146276595743,0.0020570146276595743
579,0.0,0.0,0.0027426861702127656,0.0027426861702127656
580,0.05800781249999999,0.0,0.0006856715425531914,0.0006856715425531914
581,0.05800781249999999,0.0,0.0006856715425531914,0.0006856715425531914
582,0.038671874999999994,0.0,0.0,0.0
583,0.05800781249999999,0.0,0.004114029255319149,0.004114029255319149
584,0.038671874999999994,0.0,0.0034283577127659573,0.0034283577127659573
585,0.038671874999999994,0.0,0.0006856715425531914,0.0006856715425531914
586,0.038671874999999994,0.0,0.024684175531914893,0.024684175531914893
587,0.038671874999999994,0.0,0.0034283577127659573,0.0034283577127659573
588,0.029003906249999996,0.0,0.0013713430851063828,0.0013713430851063828
589,0.0,0.0,0.0013713430851063828,0.0013713430851063828
590,0.04833984375,0.0,0.0034283577127659573,0.0034283577127659573
591,0.0,0.0,0.0020570146276595743,0.0020570146276595743
592,0.0,0.0,0.0020570146276595743,0.0020570146276595743
593,0.029003906249999996,0.0,0.0027426861702127656,0.0027426861702127656
594,0.0,0.0,0.0020570146276595743,0.0020570146276595743
595,0.0,0.0,0.0006856715425531914,0.0006856715425531914
596,0.038671874999999994,0.0,0.004114029255319149,0.004114029255319149
597,0.0,0.0,0.0034283577127659573,0.0034283577127659573
598,0.029003906249999996,0.0,0.0027426861702127656,0.0027426861702127656
599,0.06767578125,0.0,0.004114029255319149,0.004114029255319149
600,0.038671874999999994,0.0,0.005485372340425531,0.005485372340425531
601,0.06767578125,0.0,0.0034283577127659573,0.0034283577127659573
602,0.0,0.0,0.0013713430851063828,0.0013713430851063828
603,0.029003906249999996,0.0,0.004114029255319149,0.004114029255319149
604,0.0,0.0,0.0020570146276595743,0.0020570146276595743
605,0.029003906249999996,0.0,0.00479970079787234,0.00479970079787234
606,0.07734374999999999,0.0,0.0027426861702127656,0.0027426861702127656
607,0.0,0.0,0.0020570146276595743,0.0020570146276595743
608,0.029003906249999996,0.0,0.015770445478723402,0.015770445478723402
609,0.009667968749999999,0.0,0.0020570146276595743,0.0020570146276595743
610,0.05800781249999999,0.0,0.005485372340425531,0.005485372340425531
611,0.038671874999999994,0.0,0.01919880319148936,0.01919880319148936
612,0.029003906249999996,0.0,0.00479970079787234,0.00479970079787234
613,0.019335937499999997,0.0,0.0020570146276595743,0.0020570146276595743
614,0.06767578125,0.0,0.0027426861702127656,0.0027426861702127656
615,0.019335937499999997,0.0,0.0006856715425531914,0.0006856715425531914
616,0.0,0.0,0.0034283577127659573,0.0034283577127659573
617,0.019335937499999997,0.0,0.0006856715425531914,0.0006856715425531914
618,0.029003906249999996,0.0,0.0034283577127659573,0.0034283577127659573
619,0.0,0.0,0.0,0.0
620,0.05800781249999999,0.0,0.004114029255319149,0.004114029255319149
621,0.04833984375,0.0,0.0020570146276595743,0.0020570146276595743
622,0.0,0.0,0.0020570146276595743,0.0020570146276595743
623,0.019335937499999997,0.0,0.00479970079787234,0.00479970079787234
624,0.019335937499999997,0.0,0.0013713430851063828,0.0013713430851063828
625,0.0,0.0,0.00479970079787234,0.00479970079787234
626,0.193359375,0.0,0.004114029255319149,0.004114029255319149
627,0.04833984375,0.0,0.00479970079787234,0.00479970079787234
628,0.038671874999999994,0.0,0.007542386968085106,0.007542386968085106
629,0.029003906249999996,0.0,0.0027426861702127656,0.0027426861702127656
630,0.038671874999999994,0.0,0.00479970079787234,0.00479970079787234
631,0.029003906249999996,0.0,0.0020570146276595743,0.0020570146276595743
632,0.038671874999999994,0.0,0.0034283577127659573,0.0034283577127659573
633,0.038671874999999994,0.0,0.006856715425531915,0.006856715425531915
634,0.038671874999999994,0.0,0.04114029255319149,0.04114029255319149
635,0.0,0.0,0.030855219414893616,0.030855219414893616
636,0.019335937499999997,0.0,0.0020570146276595743,0.0020570146276595743
637,0.019335937499999997,0.0,0.0006856715425531914,0.0006856715425531914
638,0.270703125,0.0,0.006171043882978723,0.006171043882978723
639,0.029003906249999996,0.0,0.0006856715425531914,0.0006856715425531914
640,0.0,0.0,0.004114029255319149,0.004114029255319149
641,0.009667968749999999,0.0,0.0,0.0
642,0.019335937499999997,0.0,0.0,0.0
643,0.04833984375,0.0,0.0034283577127659573,0.0034283577127659573
644,0.019335937499999997,0.0,0.0034283577127659573,0.0034283577127659573
645,0.038671874999999994,0.0,0.005485372340425531,0.005485372340425531
646,0.0,0.0,0.0027426861702127656,0.0027426861702127656
647,0.019335937499999997,0.0,0.0006856715425531914,0.0006856715425531914
648,0.019335937499999997,0.0,0.0020570146276595743,0.0020570146276595743
649,0.038671874999999994,0.0,0.0027426861702127656,0.0027426861702127656
650,0.0,0.0,0.0020570146276595743,0.0020570146276595743
651,0.029003906249999996,0.0,0.004114029255319149,0.004114029255319149
652,0.029003906249999996,0.0,0.0013713430851063828,0.0013713430851063828
653,0.0,0.0,0.0013713430851063828,0.0013713430851063828
654,0.038671874999999994,0.0,0.0027426861702127656,0.0027426861702127656
655,0.04833984375,0.0,0.00479970079787234,0.00479970079787234
656,0.019335937499999997,0.0,0.0027426861702127656,0.0027426861702127656
657,0.029003906249999996,0.0,0.0034283577127659573,0.0034283577127659573
658,0.038671874999999994,0.0,0.0020570146276595743,0.0020570146276595743
659,0.019335937499999997,0.0,0.0034283577127659573,0.0034283577127659573
660,0.019335937499999997,0.0,0.0027426861702127656,0.0027426861702127656
661,0.029003906249999996,0.0,0.0,0.0
662,0.0,0.0,0.0027426861702127656,0.0027426861702127656
663,0.0,0.0,0.0020570146276595743,0.0020570146276595743
664,0.04833984375,0.0,0.004114029255319149,0.004114029255319149
665,0.0,0.0,0.0020570146276595743,0.0020570146276595743
666,0.009667968749999999,0.0,0.0027426861702127656,0.0027426861702127656
667,0.0,0.0,0.00479970079787234,0.00479970079787234
668,0.019335937499999997,0.0,0.0013713430851063828,0.0013713430851063828
669,0.019335937499999997,0.0,0.0027426861702127656,0.0027426861702127656
670,0.04833984375,0.0,0.0020570146276595743,0.0020570146276595743
671,0.029003906249999996,0.0,0.0,0.0
672,0.029003906249999996,0.0,0.007542386968085106,0.007542386968085106
673,0.038671874999999994,0.0,0.0020570146276595743,0.0020570146276595743
674,0.009667968749999999,0.0,0.0020570146276595743,0.0020570146276595743
675,0.038671874999999994,0.0,0.00479970079787234,0.00479970079787234
676,0.019335937499999997,0.0,0.0013713430851063828,0.0013713430851063828
677,0.019335937499999997,0.0,0.0034283577127659573,0.0034283577127659573
678,0.0,0.0,0.0034283577127659573,0.0034283577127659573
679,0.0,0.0,0.0027426861702127656,0.0027426861702127656
680,0.0,0.0,0.00891373005319149,0.00891373005319149
681,0.04833984375,0.0,0.0020570146276595743,0.0020570146276595743
682,0.038671874999999994,0.0,0.0,0.0
683,0.038671874999999994,0.0,0.0027426861702127656,0.0027426861702127656
684,0.029003906249999996,0.0,0.0020570146276595743,0.0020570146276595743
685,0.04833984375,0.0,0.010285073138297872,0.010285073138297872
686,0.029003906249999996,0.0,0.029483876329787235,0.029483876329787235
687,0.009667968749999999,0.0,0.0013713430851063828,0.0013713430851063828
688,0.029003906249999996,0.0,0.0006856715425531914,0.0006856715425531914
689,0.038671874999999994,0.0,0.0034283577127659573,0.0034283577127659573
690,0.019335937499999997,0.0,0.0013713430851063828,0.0013713430851063828
691,0.019335937499999997,0.0,0.004114029255319149,0.004114029255319149
692,0.0,0.0,0.004114029255319149,0.004114029255319149
693,0.0,0.0,0.0027426861702127656,0.0027426861702127656
694,0.04833984375,0.0,0.0034283577127659573,0.0034283577127659573
695,0.009667968749999999,0.0,0.0013713430851063828,0.0013713430851063828
696,0.019335937499999997,0.0,0.0027426861702127656,0.0027426861702127656
697,0.029003906249999996,0.0,0.0034283577127659573,0.0034283577127659573
698,0.029003906249999996,0.0,0.0013713430851063828,0.0013713430851063828
699,0.019335937499999997,0.0,0.0027426861702127656,0.0027426861702127656
700,0.029003906249999996,0.0,0.0034283577127659573,0.0034283577127659573
701,0.0,0.0,0.0013713430851063828,0.0013713430851063828
702,0.04833984375,0.0,0.0034283577127659573,0.0034283577127659573
703,0.0,0.0,0.0,0.0
704,0.22236328125,0.0,0.0013713430851063828,0.0013713430851063828
705,0.019335937499999997,0.0,0.004114029255319149,0.004114029255319149
706,0.029003906249999996,0.0,0.0006856715425531914,0.0006856715425531914
707,0.029003906249999996,0.0,0.0,0.0
708,0.0,0.0,0.0027426861702127656,0.0027426861702127656
709,0.029003906249999996,0.0,0.0027426861702127656,0.0027426861702127656
710,0.0,0.0,0.0027426861702127656,0.0027426861702127656
711,0.23203124999999997,0.0,0.004114029255319149,0.004114029255319149
712,0.029003906249999996,0.0,0.004114029255319149,0.004114029255319149
713,0.029003906249999996,0.0,0.004114029255319149,0.004114029255319149
714,0.009667968749999999,0.0,0.0020570146276595743,0.0020570146276595743
715,0.009667968749999999,0.0,0.0006856715425531914,0.0006856715425531914
716,0.26103515624999996,0.0,0.0020570146276595743,0.0020570146276595743
717,0.029003906249999996,0.0,0.0013713430851063828,0.0013713430851063828
718,0.029003906249999996,0.0,0.0020570146276595743,0.0020570146276595743
719,0.04833984375,0.0,0.004114029255319149,0.004114029255319149
720,0.038671874999999994,0.0,0.0006856715425531914,0.0006856715425531914
721,0.038671874999999994,0.0,0.0020570146276595743,0.0020570146276595743
722,0.0,0.0,0.006856715425531915,0.006856715425531915
723,0.0,0.0,0.0034283577127659573,0.0034283577127659573
724,0.05800781249999999,0.0,0.0034283577127659573,0.0034283577127659573
725,0.0,0.0,0.0013713430851063828,0.0013713430851063828
726,0.009667968749999999,0.0,0.00479970079787234,0.00479970079787234
727,0.0,0.0,0.00479970079787234,0.00479970079787234
728,0.038671874999999994,0.0,0.0,0.0
729,0.04833984375,0.0,0.004114029255319149,0.004114029255319149
730,0.019335937499999997,0.0,0.0027426861702127656,0.0027426861702127656
731,0.0,0.0,0.0006856715425531914,0.0006856715425531914
732,0.038671874999999994,0.0,0.006856715425531915,0.006856715425531915
733,0.04833984375,0.0,0.004114029255319149,0.004114029255319149
734,0.019335937499999997,0.0,0.0034283577127659573,0.0034283577127659573
735,0.0,0.0,0.0020570146276595743,0.0020570146276595743
736,0.038671874999999994,0.0,0.005485372340425531,0.005485372340425531
737,0.04833984375,0.0,0.0013713430851063828,0.0013713430851063828
738,0.009667968749999999,0.0,0.0027426861702127656,0.0027426861702127656
739,0.04833984375,0.0,0.0034283577127659573,0.0034283577127659573
740,0.029003906249999996,0.0,0.011656416223404254,0.011656416223404254
741,0.019335937499999997,0.0,0.0013713430851063828,0.0013713430851063828
742,0.009667968749999999,0.0,0.0027426861702127656,0.0027426861702127656
743,0.0,0.0,0.004114029255319149,0.004114029255319149
744,0.038671874999999994,0.0,0.0,0.0
745,0.009667968749999999,0.0,0.006856715425531915,0.006856715425531915
746,0.0,0.0,0.0034283577127659573,0.0034283577127659573
747,0.029003906249999996,0.0,0.0013713430851063828,0.0013713430851063828
748,0.019335937499999997,0.0,0.0034283577127659573,0.0034283577127659573
749,0.0,0.0,0.0,0.0
750,0.0,0.0,0.0006856715425531914,0.0006856715425531914
751,0.029003906249999996,0.0,0.0006856715425531914,0.0006856715425531914
752,0.009667968749999999,0.0,0.0027426861702127656,0.0027426861702127656
753,0.0,0.0,0.0027426861702127656,0.0027426861702127656
754,0.0,0.0,0.004114029255319149,0.004114029255319149
755,0.029003906249999996,0.0,0.005485372340425531,0.005485372340425531
756,0.0,0.0,0.0013713430851063828,0.0013713430851063828
757,0.019335937499999997,0.0,0.00479970079787234,0.00479970079787234
758,0.029003906249999996,0.0,0.0020570146276595743,0.0020570146276595743
759,0.029003906249999996,0.0,0.0013713430851063828,0.0013713430851063828
760,0.05800781249999999,0.0,0.004114029255319149,0.004114029255319149
761,0.0,0.0,0.0006856715425531914,0.0006856715425531914
762,0.019335937499999997,0.0,0.006856715425531915,0.006856715425531915
763,0.0,0.0,0.0027426861702127656,0.0027426861702127656
764,0.0,0.0,0.0020570146276595743,0.0020570146276595743
765,0.019335937499999997,0.0,0.007542386968085106,0.007542386968085106
766,0.05800781249999999,0.0,0.0020570146276595743,0.0020570146276595743
767,0.0,0.0,0.0027426861702127656,0.0027426861702127656
768,0.038671874999999994,0.0,0.0013713430851063828,0.0013713430851063828
769,0.0,0.0,0.0013713430851063828,0.0013713430851063828
770,0.0,0.0,0.0013713430851063828,0.0013713430851063828
771,0.04833984375,0.0,0.004114029255319149,0.004114029255319149
772,0.019335937499999997,0.0,0.0006856715425531914,0.0006856715425531914
773,0.0,0.0,0.0,0.0
774,0.0,0.0,0.004114029255319149,0.004114029255319149
775,0.029003906249999996,0.0,0.0013713430851063828,0.0013713430851063828
776,0.038671874999999994,0.0,0.008228058510638297,0.008228058510638297
777,0.009667968749999999,0.0,0.0034283577127659573,0.0034283577127659573
778,0.029003906249999996,0.0,0.0027426861702127656,0.0027426861702127656
779,0.21269531249999998,0.0,0.0034283577127659573,0.0034283577127659573
780,0.06767578125,0.0,0.004114029255319149,0.004114029255319149
781,0.0,0.0,0.0013713430851063828,0.0013713430851063828
782,0.15468749999999998,0.0,0.0027426861702127656,0.0027426861702127656
783,0.0,0.0,0.0034283577127659573,0.0034283577127659573
784,0.0,0.0,0.0013713430851063828,0.0013713430851063828
785,0.019335937499999997,0.0,0.00479970079787234,0.00479970079787234
786,0.0,0.0,0.0034283577127659573,0.0034283577127659573
787,0.019335937499999997,0.0,0.0013713430851063828,0.0013713430851063828
788,0.009667968749999999,0.0,0.0034283577127659573,0.0034283577127659573
789,0.038671874999999994,0.0,0.0020570146276595743,0.0020570146276595743
790,0.009667968749999999,0.0,0.0020570146276595743,0.0020570146276595743
791,0.029003906249999996,0.0,0.005485372340425531,0.005485372340425531
792,0.0,0.0,0.0006856715425531914,0.0006856715425531914
793,0.0,0.0,0.005485372340425531,0.005485372340425531
794,0.0,0.0,0.004114029255319149,0.004114029255319149
795,0.0,0.0,0.004114029255319149,0.004114029255319149
796,0.029003906249999996,0.0,0.0006856715425531914,0.0006856715425531914
797,0.0,0.0,0.0034283577127659573,0.0034283577127659573
798,0.0,0.0,0.0027426861702127656,0.0027426861702127656
799,0.009667968749999999,0.0,0.0006856715425531914,0.0006856715425531914
800,0.029003906249999996,0.0,0.004114029255319149,0.004114029255319149
801,0.019335937499999997,0.0,0.0020570146276595743,0.0020570146276595743
802,0.009667968749999999,0.0,0.0020570146276595743,0.0020570146276595743
803,0.0,0.0,0.00479970079787234,0.00479970079787234
804,0.038671874999999994,0.0,0.0013713430851063828,0.0013713430851063828
805,0.029003906249999996,0.0,0.0027426861702127656,0.0027426861702127656
806,0.0,0.0,0.0027426861702127656,0.0027426861702127656
807,0.0,0.0,0.0013713430851063828,0.0013713430851063828
808,0.07734374999999999,0.0,0.0027426861702127656,0.0027426861702127656
809,0.0,0.0,0.0013713430851063828,0.0013713430851063828
810,0.029003906249999996,0.0,0.0034283577127659573,0.0034283577127659573
811,0.04833984375,0.0,0.0020570146276595743,0.0020570146276595743
812,0.009667968749999999,0.0,0.0020570146276595743,0.0020570146276595743
813,0.009667968749999999,0.0,0.004114029255319149,0.004114029255319149
814,0.038671874999999994,0.0,0.0034283577127659573,0.0034283577127659573
815,0.009667968749999999,0.0,0.0013713430851063828,0.0013713430851063828
816,0.029003906249999996,0.0,0.0027426861702127656,0.0027426861702127656
817,0.019335937499999997,0.0,0.0020570146276595743,0.0020570146276595743
818,0.038671874999999994,0.0,0.006171043882978723,0.006171043882978723
819,0.019335937499999997,0.0,0.00479970079787234,0.00479970079787234
820,0.019335937499999997,0.0,0.0020570146276595743,0.0020570146276595743
821,0.009667968749999999,0.0,0.0020570146276595743,0.0020570146276595743
822,0.0,0.0,0.004114029255319149,0.004114029255319149
823,0.019335937499999997,0.0,0.0020570146276595743,0.0020570146276595743
824,0.019335937499999997,0.0,0.0027426861702127656,0.0027426861702127656
825,0.029003906249999996,0.0,0.0034283577127659573,0.0034283577127659573
826,0.0,0.0,0.0013713430851063828,0.0013713430851063828
827,0.019335937499999997,0.0,0.0013713430851063828,0.0013713430851063828
828,0.0,0.0,0.0020570146276595743,0.0020570146276595743
829,0.0,0.0,0.0034283577127659573,0.0034283577127659573
830,0.0,0.0,0.0034283577127659573,0.0034283577127659573
831,0.05800781249999999,0.0,0.0020570146276595743,0.0020570146276595743
832,0.0,0.0,0.0020570146276595743,0.0020570146276595743
833,0.038671874999999994,0.0,0.018513131648936167,0.018513131648936167
834,0.029003906249999996,0.0,0.0034283577127659573,0.0034283577127659573
835,0.0,0.0,0.0027426861702127656,0.0027426861702127656
836,0.019335937499999997,0.0,0.0013713430851063828,0.0013713430851063828
837,0.029003906249999996,0.0,0.0034283577127659573,0.0034283577127659573
838,0.019335937499999997,0.0,0.0006856715425531914,0.0006856715425531914
839,0.009667968749999999,0.0,0.0006856715425531914,0.0006856715425531914
840,0.04833984375,0.0,0.004114029255319149,0.004114029255319149
841,0.0,0.0,0.005485372340425531,0.005485372340425531
842,0.05800781249999999,0.0,0.0006856715425531914,0.0006856715425531914
843,0.0,0.0,0.006171043882978723,0.006171043882978723
844,0.009667968749999999,0.0,0.0006856715425531914,0.0006856715425531914
845,0.009667968749999999,0.0,0.0027426861702127656,0.0027426861702127656
846,0.0,0.0,0.036340591755319146,0.036340591755319146
847,0.009667968749999999,0.0,0.0020570146276595743,0.0020570146276595743
848,0.009667968749999999,0.0,0.0006856715425531914,0.0006856715425531914
849,0.0,0.0,0.00479970079787234,0.00479970079787234
850,0.038671874999999994,0.0,0.0020570146276595743,0.0020570146276595743
851,0.0,0.0,0.0006856715425531914,0.0006856715425531914
852,0.05800781249999999,0.0,0.0034283577127659573,0.0034283577127659573
853,0.0,0.0,0.0027426861702127656,0.0027426861702127656
854,0.019335937499999997,0.0,0.0027426861702127656,0.0027426861702127656
855,0.04833984375,0.0,0.005485372340425531,0.005485372340425531
856,0.029003906249999996,0.0,0.0,0.0
857,0.04833984375,0.0,0.004114029255319149,0.004114029255319149
858,0.019335937499999997,0.0,0.004114029255319149,0.004114029255319149
859,0.009667968749999999,0.0,0.0020570146276595743,0.0020570146276595743
860,0.0,0.0,0.0034283577127659573,0.0034283577127659573
861,0.04833984375,0.0,0.0020570146276595743,0.0020570146276595743
